year,trademark_class,trademark_filings,rank
2013,"Class 9: Scientific, nautical, surveying, photographic, cinematographic etc.",3907,1
2013,Class 35: Advertising; business management; business administration; office functions,3192,2
2013,Class 41: Education; providing of training; entertainment; sporting and cultural activities,2207,3
2013,"Class 3: Cleaning preparations, soaps, perfumery, essential oils, cosmetics etc.",2172,4
2013,Class 42: Scientific and technological services and research and design relating thereto etc.,2078,5
2013,"Class 25: Clothing, footwear, headgear",2032,6
2013,Class 5: Pharmaceutical and veterinary preparations etc.,1861,7
2013,"Class 30: Coffee, tea, cocoa, sugar, rice, tapioca, sago, powder; salt etc.",1464,8
2013,Class 43: Services for providing food and drink; temporary accommodation,1448,9
2013,"Class 16: Paper, cardboard etc.",1327,10
2013,Class 36: Insurance; financial affairs; monetary affairs; real estate affairs,1252,11
2013,Class 18: Leather and imitations of leather etc.,1062,12
2013,Class 7: Machines and machine tools etc.,962,13
2013,"Class 29: Meat, fish, poultry and game; meat extracts etc.",935,14
2013,"Class 11: Apparatus for lighting, heating, steam generating, cooking, etc.",858,15
2013,Class 14: Precious metals and their alloys etc.,811,16
2013,Class 38: Telecommunications,801,17
2013,Class 37: Building construction; repair; installation services,767,18
2013,Class 39: Transport; packaging and storage of goods; travel arrangement,700,19
2013,"Class 10: Surgical, medical, dental and veterinary apparatus and instruments, artificial limbs etc.",692,20
2013,"Class 12: Vehicles; apparatus for locomotion by land, air or water",691,21
2013,Class 32: Beers; mineral and aerated waters and other non-alcoholic drinks etc.,689,22
2013,Class 44: Medical services; veterinary services; hygienic and beauty care for human beings etc.,684,23
2013,Class 28: Games and playthings; gymnastic and sporting articles etc.,677,24
2013,Class 33: Alcoholic beverages (except beers) etc.,662,25
2013,Class 1: Chemicals used in industry etc.,632,26
2013,Class 6: Common metals and their alloys etc.,560,27
2013,"Class 20: Furniture, mirrors, picture frames etc.",548,28
2013,Class 21: Household or kitchen utensils and containers  etc.,544,29
2013,Class 45: Legal services; personal and social services rendered by others to meet the needs of individuals etc.,442,30
2013,"Class 24: Textiles and textile goods, not included in other classes; bed and table covers etc.",399,31
2013,"Class 17: Rubber, gutta-percha, gum, asbestos, mica etc.",328,32
2013,Class 19: Building materials (non-metallic); non-metallic rigid pipes for building etc.,305,33
2013,Class 40: Treatment of materials,289,34
2013,Class 34: Tobacco; smokers' articles; matches,281,35
2013,"Class 4: Industrial oils and greases, lubricants etc.",280,36
2013,"Class 31: Agricultural, horticultural and forestry products and grains for animals; malt etc.",259,37
2013,Class 8: Hand tools and implements (hand-operated); cutlery; side arms; razors,246,38
2013,"Class 2: Paints, varnishes, lacquers etc.",166,39
2013,"Class 26: Lace and embroidery, ribbons and braid; buttons, hooks and eyes etc.",143,40
2013,"Class 27: Carpets, rugs, mats and matting, linoleum etc.",109,41
2013,"Class 22: Ropes, string, nets, tents, awnings, tarpaulins, sails etc.",92,42
2013,Class 13: Firearms; ammunition and projectiles; explosives; fireworks,52,43
2013,Class 15: Musical instruments,36,44
2013,"Class 23: Yarns and threads, for textile use",29,45
2014,"Class 9: Scientific, nautical, surveying, photographic, cinematographic etc.",4031,1
2014,Class 35: Advertising; business management; business administration; office functions,3473,2
2014,Class 42: Scientific and technological services and research and design relating thereto etc.,2293,3
2014,Class 41: Education; providing of training; entertainment; sporting and cultural activities,2223,4
2014,Class 5: Pharmaceutical and veterinary preparations etc.,2176,5
2014,"Class 3: Cleaning preparations, soaps, perfumery, essential oils, cosmetics etc.",2131,6
2014,"Class 25: Clothing, footwear, headgear",1816,7
2014,Class 43: Services for providing food and drink; temporary accommodation,1599,8
2014,"Class 30: Coffee, tea, cocoa, sugar, rice, tapioca, sago, powder; salt etc.",1498,9
2014,"Class 16: Paper, cardboard etc.",1333,10
2014,Class 36: Insurance; financial affairs; monetary affairs; real estate affairs,1293,11
2014,"Class 29: Meat, fish, poultry and game; meat extracts etc.",1021,12
2014,Class 18: Leather and imitations of leather etc.,948,13
2014,Class 7: Machines and machine tools etc.,920,14
2014,Class 38: Telecommunications,859,15
2014,Class 14: Precious metals and their alloys etc.,825,16
2014,"Class 11: Apparatus for lighting, heating, steam generating, cooking, etc.",810,17
2014,Class 37: Building construction; repair; installation services,799,18
2014,Class 44: Medical services; veterinary services; hygienic and beauty care for human beings etc.,770,19
2014,Class 32: Beers; mineral and aerated waters and other non-alcoholic drinks etc.,745,20
2014,Class 28: Games and playthings; gymnastic and sporting articles etc.,713,21
2014,"Class 10: Surgical, medical, dental and veterinary apparatus and instruments, artificial limbs etc.",710,22
2014,Class 39: Transport; packaging and storage of goods; travel arrangement,700,23
2014,"Class 12: Vehicles; apparatus for locomotion by land, air or water",657,24
2014,Class 1: Chemicals used in industry etc.,630,25
2014,Class 33: Alcoholic beverages (except beers) etc.,624,26
2014,Class 21: Household or kitchen utensils and containers  etc.,537,27
2014,"Class 20: Furniture, mirrors, picture frames etc.",533,28
2014,Class 6: Common metals and their alloys etc.,494,29
2014,Class 45: Legal services; personal and social services rendered by others to meet the needs of individuals etc.,482,30
2014,Class 40: Treatment of materials,352,31
2014,"Class 24: Textiles and textile goods, not included in other classes; bed and table covers etc.",342,32
2014,"Class 17: Rubber, gutta-percha, gum, asbestos, mica etc.",309,33
2014,"Class 31: Agricultural, horticultural and forestry products and grains for animals; malt etc.",308,34
2014,"Class 4: Industrial oils and greases, lubricants etc.",286,35
2014,Class 34: Tobacco; smokers' articles; matches,278,36
2014,Class 19: Building materials (non-metallic); non-metallic rigid pipes for building etc.,260,37
2014,Class 8: Hand tools and implements (hand-operated); cutlery; side arms; razors,234,38
2014,"Class 2: Paints, varnishes, lacquers etc.",145,39
2014,"Class 26: Lace and embroidery, ribbons and braid; buttons, hooks and eyes etc.",121,40
2014,"Class 27: Carpets, rugs, mats and matting, linoleum etc.",97,41
2014,"Class 22: Ropes, string, nets, tents, awnings, tarpaulins, sails etc.",70,42
2014,"Class 23: Yarns and threads, for textile use",36,43
2014,Class 15: Musical instruments,30,44
2014,Class 13: Firearms; ammunition and projectiles; explosives; fireworks,29,45
2015,"Class 9: Scientific, nautical, surveying, photographic, cinematographic etc.",4690,1
2015,Class 35: Advertising; business management; business administration; office functions,3916,2
2015,Class 42: Scientific and technological services and research and design relating thereto etc.,2629,3
2015,"Class 3: Cleaning preparations, soaps, perfumery, essential oils, cosmetics etc.",2437,4
2015,Class 41: Education; providing of training; entertainment; sporting and cultural activities,2435,5
2015,Class 5: Pharmaceutical and veterinary preparations etc.,2108,6
2015,"Class 25: Clothing, footwear, headgear",1802,7
2015,Class 43: Services for providing food and drink; temporary accommodation,1696,8
2015,"Class 30: Coffee, tea, cocoa, sugar, rice, tapioca, sago, powder; salt etc.",1611,9
2015,Class 36: Insurance; financial affairs; monetary affairs; real estate affairs,1489,10
2015,"Class 16: Paper, cardboard etc.",1335,11
2015,"Class 29: Meat, fish, poultry and game; meat extracts etc.",1160,12
2015,Class 18: Leather and imitations of leather etc.,1005,13
2015,Class 14: Precious metals and their alloys etc.,981,14
2015,Class 38: Telecommunications,976,15
2015,Class 7: Machines and machine tools etc.,956,16
2015,"Class 11: Apparatus for lighting, heating, steam generating, cooking, etc.",933,17
2015,Class 37: Building construction; repair; installation services,895,18
2015,Class 39: Transport; packaging and storage of goods; travel arrangement,834,19
2015,Class 28: Games and playthings; gymnastic and sporting articles etc.,809,20
2015,Class 44: Medical services; veterinary services; hygienic and beauty care for human beings etc.,783,21
2015,Class 32: Beers; mineral and aerated waters and other non-alcoholic drinks etc.,730,22
2015,"Class 10: Surgical, medical, dental and veterinary apparatus and instruments, artificial limbs etc.",708,23
2015,"Class 12: Vehicles; apparatus for locomotion by land, air or water",685,24
2015,Class 21: Household or kitchen utensils and containers  etc.,622,25
2015,"Class 20: Furniture, mirrors, picture frames etc.",593,26
2015,Class 1: Chemicals used in industry etc.,586,27
2015,Class 45: Legal services; personal and social services rendered by others to meet the needs of individuals etc.,580,28
2015,Class 33: Alcoholic beverages (except beers) etc.,572,29
2015,Class 6: Common metals and their alloys etc.,553,30
2015,"Class 24: Textiles and textile goods, not included in other classes; bed and table covers etc.",352,31
2015,"Class 31: Agricultural, horticultural and forestry products and grains for animals; malt etc.",350,32
2015,"Class 4: Industrial oils and greases, lubricants etc.",340,33
2015,Class 40: Treatment of materials,338,34
2015,"Class 17: Rubber, gutta-percha, gum, asbestos, mica etc.",312,35
2015,Class 19: Building materials (non-metallic); non-metallic rigid pipes for building etc.,302,36
2015,Class 34: Tobacco; smokers' articles; matches,293,37
2015,Class 8: Hand tools and implements (hand-operated); cutlery; side arms; razors,263,38
2015,"Class 2: Paints, varnishes, lacquers etc.",187,39
2015,"Class 26: Lace and embroidery, ribbons and braid; buttons, hooks and eyes etc.",109,40
2015,"Class 27: Carpets, rugs, mats and matting, linoleum etc.",96,41
2015,"Class 22: Ropes, string, nets, tents, awnings, tarpaulins, sails etc.",51,42
2015,Class 15: Musical instruments,43,43
2015,Class 13: Firearms; ammunition and projectiles; explosives; fireworks,38,44
2015,"Class 23: Yarns and threads, for textile use",33,45
2016,"Class 9: Scientific, nautical, surveying, photographic, cinematographic etc.",4215,1
2016,Class 35: Advertising; business management; business administration; office functions,3660,2
2016,Class 41: Education; providing of training; entertainment; sporting and cultural activities,2417,3
2016,Class 42: Scientific and technological services and research and design relating thereto etc.,2407,4
2016,"Class 3: Cleaning preparations, soaps, perfumery, essential oils, cosmetics etc.",2285,5
2016,Class 5: Pharmaceutical and veterinary preparations etc.,1997,6
2016,Class 43: Services for providing food and drink; temporary accommodation,1667,7
2016,"Class 25: Clothing, footwear, headgear",1635,8
2016,"Class 30: Coffee, tea, cocoa, sugar, rice, tapioca, sago, powder; salt etc.",1624,9
2016,Class 36: Insurance; financial affairs; monetary affairs; real estate affairs,1492,10
2016,"Class 16: Paper, cardboard etc.",1228,11
2016,"Class 29: Meat, fish, poultry and game; meat extracts etc.",1041,12
2016,Class 7: Machines and machine tools etc.,978,13
2016,"Class 11: Apparatus for lighting, heating, steam generating, cooking, etc.",914,14
2016,Class 18: Leather and imitations of leather etc.,895,15
2016,Class 38: Telecommunications,886,16
2016,Class 37: Building construction; repair; installation services,874,17
2016,"Class 10: Surgical, medical, dental and veterinary apparatus and instruments, artificial limbs etc.",840,18
2016,Class 44: Medical services; veterinary services; hygienic and beauty care for human beings etc.,799,19
2016,"Class 12: Vehicles; apparatus for locomotion by land, air or water",770,20
2016,Class 32: Beers; mineral and aerated waters and other non-alcoholic drinks etc.,713,21
2016,Class 14: Precious metals and their alloys etc.,709,22
2016,Class 39: Transport; packaging and storage of goods; travel arrangement,697,23
2016,Class 28: Games and playthings; gymnastic and sporting articles etc.,660,24
2016,Class 21: Household or kitchen utensils and containers  etc.,607,25
2016,Class 1: Chemicals used in industry etc.,595,26
2016,Class 33: Alcoholic beverages (except beers) etc.,528,27
2016,Class 45: Legal services; personal and social services rendered by others to meet the needs of individuals etc.,489,28
2016,"Class 20: Furniture, mirrors, picture frames etc.",472,29
2016,Class 6: Common metals and their alloys etc.,471,30
2016,"Class 31: Agricultural, horticultural and forestry products and grains for animals; malt etc.",378,31
2016,Class 19: Building materials (non-metallic); non-metallic rigid pipes for building etc.,351,32
2016,Class 40: Treatment of materials,328,33
2016,"Class 17: Rubber, gutta-percha, gum, asbestos, mica etc.",305,34
2016,Class 8: Hand tools and implements (hand-operated); cutlery; side arms; razors,260,35
2016,"Class 24: Textiles and textile goods, not included in other classes; bed and table covers etc.",247,36
2016,"Class 4: Industrial oils and greases, lubricants etc.",245,37
2016,"Class 2: Paints, varnishes, lacquers etc.",195,38
2016,Class 34: Tobacco; smokers' articles; matches,182,39
2016,"Class 27: Carpets, rugs, mats and matting, linoleum etc.",101,40
2016,"Class 26: Lace and embroidery, ribbons and braid; buttons, hooks and eyes etc.",91,41
2016,"Class 22: Ropes, string, nets, tents, awnings, tarpaulins, sails etc.",61,42
2016,Class 15: Musical instruments,35,43
2016,Class 13: Firearms; ammunition and projectiles; explosives; fireworks,25,44
2016,"Class 23: Yarns and threads, for textile use",17,45
2017,"Class 9: Scientific, nautical, surveying, photographic, cinematographic etc.",5335,1
2017,Class 35: Advertising; business management; business administration; office functions,4563,2
2017,Class 42: Scientific and technological services and research and design relating thereto etc.,3151,3
2017,Class 41: Education; providing of training; entertainment; sporting and cultural activities,3043,4
2017,"Class 3: Cleaning preparations, soaps, perfumery, essential oils, cosmetics etc.",2635,5
2017,Class 5: Pharmaceutical and veterinary preparations etc.,2179,6
2017,"Class 25: Clothing, footwear, headgear",1927,7
2017,Class 43: Services for providing food and drink; temporary accommodation,1841,8
2017,"Class 30: Coffee, tea, cocoa, sugar, rice, tapioca, sago, powder; salt etc.",1833,9
2017,Class 36: Insurance; financial affairs; monetary affairs; real estate affairs,1830,10
2017,"Class 16: Paper, cardboard etc.",1409,11
2017,"Class 29: Meat, fish, poultry and game; meat extracts etc.",1270,12
2017,Class 38: Telecommunications,1133,13
2017,"Class 11: Apparatus for lighting, heating, steam generating, cooking, etc.",1070,14
2017,Class 7: Machines and machine tools etc.,1037,15
2017,Class 18: Leather and imitations of leather etc.,1031,16
2017,Class 37: Building construction; repair; installation services,1006,17
2017,Class 44: Medical services; veterinary services; hygienic and beauty care for human beings etc.,969,18
2017,Class 28: Games and playthings; gymnastic and sporting articles etc.,916,19
2017,Class 32: Beers; mineral and aerated waters and other non-alcoholic drinks etc.,865,20
2017,Class 39: Transport; packaging and storage of goods; travel arrangement,865,20
2017,"Class 10: Surgical, medical, dental and veterinary apparatus and instruments, artificial limbs etc.",844,22
2017,Class 14: Precious metals and their alloys etc.,816,23
2017,"Class 12: Vehicles; apparatus for locomotion by land, air or water",808,24
2017,Class 21: Household or kitchen utensils and containers  etc.,741,25
2017,Class 45: Legal services; personal and social services rendered by others to meet the needs of individuals etc.,685,26
2017,Class 1: Chemicals used in industry etc.,680,27
2017,"Class 20: Furniture, mirrors, picture frames etc.",673,28
2017,Class 33: Alcoholic beverages (except beers) etc.,588,29
2017,Class 6: Common metals and their alloys etc.,534,30
2017,"Class 31: Agricultural, horticultural and forestry products and grains for animals; malt etc.",482,31
2017,Class 40: Treatment of materials,441,32
2017,Class 19: Building materials (non-metallic); non-metallic rigid pipes for building etc.,424,33
2017,"Class 24: Textiles and textile goods, not included in other classes; bed and table covers etc.",413,34
2017,"Class 4: Industrial oils and greases, lubricants etc.",343,35
2017,"Class 17: Rubber, gutta-percha, gum, asbestos, mica etc.",325,36
2017,Class 8: Hand tools and implements (hand-operated); cutlery; side arms; razors,282,37
2017,"Class 2: Paints, varnishes, lacquers etc.",254,38
2017,Class 34: Tobacco; smokers' articles; matches,248,39
2017,"Class 27: Carpets, rugs, mats and matting, linoleum etc.",164,40
2017,"Class 26: Lace and embroidery, ribbons and braid; buttons, hooks and eyes etc.",147,41
2017,"Class 22: Ropes, string, nets, tents, awnings, tarpaulins, sails etc.",89,42
2017,Class 15: Musical instruments,79,43
2017,"Class 23: Yarns and threads, for textile use",38,44
2017,Class 13: Firearms; ammunition and projectiles; explosives; fireworks,29,45
2018,"Class 9: Scientific, nautical, surveying, photographic, cinematographic etc.",5884,1
2018,Class 35: Advertising; business management; business administration; office functions,4928,2
2018,Class 42: Scientific and technological services and research and design relating thereto etc.,3768,3
2018,Class 41: Education; providing of training; entertainment; sporting and cultural activities,2908,4
2018,"Class 3: Cleaning preparations, soaps, perfumery, essential oils, cosmetics etc.",2812,5
2018,Class 36: Insurance; financial affairs; monetary affairs; real estate affairs,2283,6
2018,Class 5: Pharmaceutical and veterinary preparations etc.,2173,7
2018,Class 43: Services for providing food and drink; temporary accommodation,1924,8
2018,"Class 25: Clothing, footwear, headgear",1849,9
2018,"Class 30: Coffee, tea, cocoa, sugar, rice, tapioca, sago, powder; salt etc.",1839,10
2018,"Class 16: Paper, cardboard etc.",1341,11
2018,Class 38: Telecommunications,1266,12
2018,"Class 29: Meat, fish, poultry and game; meat extracts etc.",1232,13
2018,Class 7: Machines and machine tools etc.,1114,14
2018,Class 18: Leather and imitations of leather etc.,983,15
2018,Class 39: Transport; packaging and storage of goods; travel arrangement,961,16
2018,"Class 11: Apparatus for lighting, heating, steam generating, cooking, etc.",955,17
2018,Class 37: Building construction; repair; installation services,925,18
2018,Class 44: Medical services; veterinary services; hygienic and beauty care for human beings etc.,916,19
2018,"Class 10: Surgical, medical, dental and veterinary apparatus and instruments, artificial limbs etc.",864,20
2018,Class 28: Games and playthings; gymnastic and sporting articles etc.,836,21
2018,Class 32: Beers; mineral and aerated waters and other non-alcoholic drinks etc.,787,22
2018,"Class 12: Vehicles; apparatus for locomotion by land, air or water",784,23
2018,Class 14: Precious metals and their alloys etc.,753,24
2018,Class 45: Legal services; personal and social services rendered by others to meet the needs of individuals etc.,740,25
2018,Class 21: Household or kitchen utensils and containers  etc.,726,26
2018,"Class 20: Furniture, mirrors, picture frames etc.",709,27
2018,Class 1: Chemicals used in industry etc.,696,28
2018,Class 33: Alcoholic beverages (except beers) etc.,664,29
2018,Class 6: Common metals and their alloys etc.,529,30
2018,"Class 31: Agricultural, horticultural and forestry products and grains for animals; malt etc.",470,31
2018,Class 19: Building materials (non-metallic); non-metallic rigid pipes for building etc.,435,32
2018,Class 40: Treatment of materials,397,33
2018,"Class 24: Textiles and textile goods, not included in other classes; bed and table covers etc.",375,34
2018,"Class 17: Rubber, gutta-percha, gum, asbestos, mica etc.",326,35
2018,"Class 4: Industrial oils and greases, lubricants etc.",323,36
2018,Class 8: Hand tools and implements (hand-operated); cutlery; side arms; razors,279,37
2018,Class 34: Tobacco; smokers' articles; matches,210,38
2018,"Class 2: Paints, varnishes, lacquers etc.",190,39
2018,"Class 27: Carpets, rugs, mats and matting, linoleum etc.",157,40
2018,"Class 26: Lace and embroidery, ribbons and braid; buttons, hooks and eyes etc.",156,41
2018,"Class 22: Ropes, string, nets, tents, awnings, tarpaulins, sails etc.",95,42
2018,Class 13: Firearms; ammunition and projectiles; explosives; fireworks,50,43
2018,Class 15: Musical instruments,49,44
2018,"Class 23: Yarns and threads, for textile use",37,45
2019,"Class 9: Scientific, nautical, surveying, photographic, cinematographic etc.",6484,1
2019,Class 35: Advertising; business management; business administration; office functions,5363,2
2019,Class 42: Scientific and technological services and research and design relating thereto etc.,4087,3
2019,Class 41: Education; providing of training; entertainment; sporting and cultural activities,3126,4
2019,"Class 3: Cleaning preparations, soaps, perfumery, essential oils, cosmetics etc.",2907,5
2019,Class 5: Pharmaceutical and veterinary preparations etc.,2410,6
2019,Class 36: Insurance; financial affairs; monetary affairs; real estate affairs,2141,7
2019,Class 43: Services for providing food and drink; temporary accommodation,2083,8
2019,"Class 25: Clothing, footwear, headgear",1998,9
2019,"Class 30: Coffee, tea, cocoa, sugar, rice, tapioca, sago, powder; salt etc.",1881,10
2019,"Class 29: Meat, fish, poultry and game; meat extracts etc.",1465,11
2019,"Class 16: Paper, cardboard etc.",1329,12
2019,Class 7: Machines and machine tools etc.,1210,13
2019,Class 38: Telecommunications,1204,14
2019,Class 18: Leather and imitations of leather etc.,1105,15
2019,"Class 11: Apparatus for lighting, heating, steam generating, cooking, etc.",1089,16
2019,Class 44: Medical services; veterinary services; hygienic and beauty care for human beings etc.,1048,17
2019,Class 37: Building construction; repair; installation services,1024,18
2019,"Class 10: Surgical, medical, dental and veterinary apparatus and instruments, artificial limbs etc.",997,19
2019,Class 28: Games and playthings; gymnastic and sporting articles etc.,992,20
2019,Class 39: Transport; packaging and storage of goods; travel arrangement,896,21
2019,Class 21: Household or kitchen utensils and containers  etc.,880,22
2019,Class 32: Beers; mineral and aerated waters and other non-alcoholic drinks etc.,857,23
2019,"Class 12: Vehicles; apparatus for locomotion by land, air or water",817,24
2019,Class 14: Precious metals and their alloys etc.,800,25
2019,Class 45: Legal services; personal and social services rendered by others to meet the needs of individuals etc.,740,26
2019,Class 1: Chemicals used in industry etc.,714,27
2019,Class 33: Alcoholic beverages (except beers) etc.,692,28
2019,"Class 20: Furniture, mirrors, picture frames etc.",674,29
2019,Class 6: Common metals and their alloys etc.,602,30
2019,"Class 31: Agricultural, horticultural and forestry products and grains for animals; malt etc.",480,31
2019,Class 40: Treatment of materials,449,32
2019,"Class 24: Textiles and textile goods, not included in other classes; bed and table covers etc.",414,33
2019,Class 19: Building materials (non-metallic); non-metallic rigid pipes for building etc.,384,34
2019,"Class 4: Industrial oils and greases, lubricants etc.",353,35
2019,"Class 17: Rubber, gutta-percha, gum, asbestos, mica etc.",344,36
2019,Class 8: Hand tools and implements (hand-operated); cutlery; side arms; razors,324,37
2019,Class 34: Tobacco; smokers' articles; matches,323,38
2019,"Class 2: Paints, varnishes, lacquers etc.",225,39
2019,"Class 27: Carpets, rugs, mats and matting, linoleum etc.",134,40
2019,"Class 26: Lace and embroidery, ribbons and braid; buttons, hooks and eyes etc.",117,41
2019,"Class 22: Ropes, string, nets, tents, awnings, tarpaulins, sails etc.",90,42
2019,Class 15: Musical instruments,55,43
2019,Class 13: Firearms; ammunition and projectiles; explosives; fireworks,37,44
2019,"Class 23: Yarns and threads, for textile use",36,45
2020,"Class 9: Scientific, nautical, surveying, photographic, cinematographic etc.",6406,1
2020,Class 35: Advertising; business management; business administration; office functions,5183,2
2020,Class 42: Scientific and technological services and research and design relating thereto etc.,4008,3
2020,"Class 3: Cleaning preparations, soaps, perfumery, essential oils, cosmetics etc.",2965,4
2020,Class 41: Education; providing of training; entertainment; sporting and cultural activities,2855,5
2020,Class 5: Pharmaceutical and veterinary preparations etc.,2831,6
2020,Class 36: Insurance; financial affairs; monetary affairs; real estate affairs,1979,7
2020,"Class 30: Coffee, tea, cocoa, sugar, rice, tapioca, sago, powder; salt etc.",1815,8
2020,"Class 25: Clothing, footwear, headgear",1740,9
2020,Class 43: Services for providing food and drink; temporary accommodation,1625,10
2020,"Class 29: Meat, fish, poultry and game; meat extracts etc.",1391,11
2020,"Class 10: Surgical, medical, dental and veterinary apparatus and instruments, artificial limbs etc.",1356,12
2020,"Class 16: Paper, cardboard etc.",1240,13
2020,Class 7: Machines and machine tools etc.,1129,14
2020,Class 38: Telecommunications,1050,15
2020,Class 44: Medical services; veterinary services; hygienic and beauty care for human beings etc.,1030,16
2020,"Class 11: Apparatus for lighting, heating, steam generating, cooking, etc.",1026,17
2020,Class 21: Household or kitchen utensils and containers  etc.,932,18
2020,Class 28: Games and playthings; gymnastic and sporting articles etc.,925,19
2020,Class 18: Leather and imitations of leather etc.,897,20
2020,Class 32: Beers; mineral and aerated waters and other non-alcoholic drinks etc.,867,21
2020,Class 39: Transport; packaging and storage of goods; travel arrangement,845,22
2020,Class 37: Building construction; repair; installation services,825,23
2020,Class 1: Chemicals used in industry etc.,815,24
2020,"Class 12: Vehicles; apparatus for locomotion by land, air or water",704,25
2020,Class 14: Precious metals and their alloys etc.,677,26
2020,Class 33: Alcoholic beverages (except beers) etc.,671,27
2020,Class 45: Legal services; personal and social services rendered by others to meet the needs of individuals etc.,660,28
2020,"Class 20: Furniture, mirrors, picture frames etc.",654,29
2020,"Class 31: Agricultural, horticultural and forestry products and grains for animals; malt etc.",541,30
2020,Class 6: Common metals and their alloys etc.,497,31
2020,Class 40: Treatment of materials,458,32
2020,"Class 24: Textiles and textile goods, not included in other classes; bed and table covers etc.",435,33
2020,"Class 17: Rubber, gutta-percha, gum, asbestos, mica etc.",324,34
2020,Class 8: Hand tools and implements (hand-operated); cutlery; side arms; razors,314,35
2020,"Class 4: Industrial oils and greases, lubricants etc.",304,36
2020,Class 19: Building materials (non-metallic); non-metallic rigid pipes for building etc.,301,37
2020,"Class 2: Paints, varnishes, lacquers etc.",215,38
2020,Class 34: Tobacco; smokers' articles; matches,200,39
2020,"Class 27: Carpets, rugs, mats and matting, linoleum etc.",132,40
2020,"Class 26: Lace and embroidery, ribbons and braid; buttons, hooks and eyes etc.",129,41
2020,"Class 22: Ropes, string, nets, tents, awnings, tarpaulins, sails etc.",95,42
2020,Class 15: Musical instruments,67,43
2020,"Class 23: Yarns and threads, for textile use",46,44
2020,Class 13: Firearms; ammunition and projectiles; explosives; fireworks,38,45
2021,"Class 9: Scientific, nautical, surveying, photographic, cinematographic etc.",7076,1
2021,Class 35: Advertising; business management; business administration; office functions,5964,2
2021,Class 42: Scientific and technological services and research and design relating thereto etc.,4793,3
2021,Class 41: Education; providing of training; entertainment; sporting and cultural activities,3362,4
2021,Class 5: Pharmaceutical and veterinary preparations etc.,2960,5
2021,"Class 3: Cleaning preparations, soaps, perfumery, essential oils, cosmetics etc.",2829,6
2021,Class 36: Insurance; financial affairs; monetary affairs; real estate affairs,2354,7
2021,"Class 25: Clothing, footwear, headgear",2000,8
2021,"Class 30: Coffee, tea, cocoa, sugar, rice, tapioca, sago, powder; salt etc.",1926,9
2021,Class 43: Services for providing food and drink; temporary accommodation,1752,10
2021,"Class 29: Meat, fish, poultry and game; meat extracts etc.",1518,11
2021,"Class 10: Surgical, medical, dental and veterinary apparatus and instruments, artificial limbs etc.",1330,12
2021,Class 7: Machines and machine tools etc.,1294,13
2021,"Class 16: Paper, cardboard etc.",1279,14
2021,"Class 11: Apparatus for lighting, heating, steam generating, cooking, etc.",1249,15
2021,Class 38: Telecommunications,1173,16
2021,Class 44: Medical services; veterinary services; hygienic and beauty care for human beings etc.,1107,17
2021,Class 28: Games and playthings; gymnastic and sporting articles etc.,1062,18
2021,Class 37: Building construction; repair; installation services,1001,19
2021,Class 21: Household or kitchen utensils and containers  etc.,991,20
2021,Class 18: Leather and imitations of leather etc.,959,21
2021,Class 32: Beers; mineral and aerated waters and other non-alcoholic drinks etc.,914,22
2021,"Class 12: Vehicles; apparatus for locomotion by land, air or water",888,23
2021,Class 39: Transport; packaging and storage of goods; travel arrangement,834,24
2021,Class 1: Chemicals used in industry etc.,833,25
2021,Class 33: Alcoholic beverages (except beers) etc.,808,26
2021,"Class 20: Furniture, mirrors, picture frames etc.",778,27
2021,Class 45: Legal services; personal and social services rendered by others to meet the needs of individuals etc.,747,28
2021,Class 14: Precious metals and their alloys etc.,742,29
2021,"Class 31: Agricultural, horticultural and forestry products and grains for animals; malt etc.",543,30
2021,Class 40: Treatment of materials,510,31
2021,Class 6: Common metals and their alloys etc.,477,32
2021,"Class 24: Textiles and textile goods, not included in other classes; bed and table covers etc.",466,33
2021,"Class 4: Industrial oils and greases, lubricants etc.",387,34
2021,Class 8: Hand tools and implements (hand-operated); cutlery; side arms; razors,384,35
2021,"Class 17: Rubber, gutta-percha, gum, asbestos, mica etc.",342,36
2021,Class 19: Building materials (non-metallic); non-metallic rigid pipes for building etc.,318,37
2021,"Class 2: Paints, varnishes, lacquers etc.",190,38
2021,Class 34: Tobacco; smokers' articles; matches,187,39
2021,"Class 27: Carpets, rugs, mats and matting, linoleum etc.",183,40
2021,"Class 26: Lace and embroidery, ribbons and braid; buttons, hooks and eyes etc.",142,41
2021,"Class 22: Ropes, string, nets, tents, awnings, tarpaulins, sails etc.",94,42
2021,Class 15: Musical instruments,86,43
2021,Class 13: Firearms; ammunition and projectiles; explosives; fireworks,34,44
2021,"Class 23: Yarns and threads, for textile use",32,45
2022,"Class 9: Scientific, nautical, surveying, photographic, cinematographic etc.",7638,1
2022,Class 35: Advertising; business management; business administration; office functions,6221,2
2022,Class 42: Scientific and technological services and research and design relating thereto etc.,5721,3
2022,Class 41: Education; providing of training; entertainment; sporting and cultural activities,3709,4
2022,Class 36: Insurance; financial affairs; monetary affairs; real estate affairs,2682,5
2022,"Class 3: Cleaning preparations, soaps, perfumery, essential oils, cosmetics etc.",2623,6
2022,Class 5: Pharmaceutical and veterinary preparations etc.,2511,7
2022,"Class 25: Clothing, footwear, headgear",2044,8
2022,"Class 30: Coffee, tea, cocoa, sugar, rice, tapioca, sago, powder; salt etc.",1725,9
2022,Class 43: Services for providing food and drink; temporary accommodation,1705,10
2022,Class 38: Telecommunications,1425,11
2022,"Class 29: Meat, fish, poultry and game; meat extracts etc.",1290,12
2022,Class 28: Games and playthings; gymnastic and sporting articles etc.,1279,13
2022,"Class 16: Paper, cardboard etc.",1264,14
2022,"Class 10: Surgical, medical, dental and veterinary apparatus and instruments, artificial limbs etc.",1254,15
2022,Class 7: Machines and machine tools etc.,1191,16
2022,Class 44: Medical services; veterinary services; hygienic and beauty care for human beings etc.,1190,17
2022,Class 37: Building construction; repair; installation services,1097,18
2022,Class 18: Leather and imitations of leather etc.,1013,19
2022,"Class 11: Apparatus for lighting, heating, steam generating, cooking, etc.",979,20
2022,Class 39: Transport; packaging and storage of goods; travel arrangement,952,21
2022,Class 1: Chemicals used in industry etc.,904,22
2022,Class 21: Household or kitchen utensils and containers  etc.,891,23
2022,"Class 12: Vehicles; apparatus for locomotion by land, air or water",882,24
2022,Class 45: Legal services; personal and social services rendered by others to meet the needs of individuals etc.,862,25
2022,Class 33: Alcoholic beverages (except beers) etc.,767,26
2022,Class 14: Precious metals and their alloys etc.,742,27
2022,Class 32: Beers; mineral and aerated waters and other non-alcoholic drinks etc.,729,28
2022,"Class 20: Furniture, mirrors, picture frames etc.",659,29
2022,Class 40: Treatment of materials,607,30
2022,"Class 24: Textiles and textile goods, not included in other classes; bed and table covers etc.",475,31
2022,"Class 31: Agricultural, horticultural and forestry products and grains for animals; malt etc.",471,32
2022,Class 6: Common metals and their alloys etc.,447,33
2022,"Class 4: Industrial oils and greases, lubricants etc.",339,34
2022,"Class 17: Rubber, gutta-percha, gum, asbestos, mica etc.",332,35
2022,Class 8: Hand tools and implements (hand-operated); cutlery; side arms; razors,292,36
2022,Class 19: Building materials (non-metallic); non-metallic rigid pipes for building etc.,279,37
2022,"Class 2: Paints, varnishes, lacquers etc.",215,38
2022,Class 34: Tobacco; smokers' articles; matches,206,39
2022,"Class 27: Carpets, rugs, mats and matting, linoleum etc.",151,40
2022,"Class 26: Lace and embroidery, ribbons and braid; buttons, hooks and eyes etc.",146,41
2022,"Class 22: Ropes, string, nets, tents, awnings, tarpaulins, sails etc.",110,42
2022,Class 15: Musical instruments,64,43
2022,Class 13: Firearms; ammunition and projectiles; explosives; fireworks,47,44
2022,"Class 23: Yarns and threads, for textile use",36,45
